<?xml version="1.0" encoding="UTF-8" ?>
<!DOCTYPE configuration 	PUBLIC "-//mybatis.org//DTD Config 3.0//EN"
	"http://mybatis.org/dtd/mybatis-3-config.dtd">

<configuration>
  <typeAliases>    
    <typeAlias type="com.bookshop01.goods.vo.GoodsVO" alias="goodsVO" />
    <typeAlias type="com.bookshop01.goods.vo.ImageFileVO" alias="imageFileVO" />
    <typeAlias type="com.bookshop01.member.vo.MemberVO" alias="memberVO" />
    <typeAlias type="com.bookshop01.cart.vo.CartVO" alias="cartVO" />
    <typeAlias type="com.bookshop01.order.vo.OrderVO" alias="orderVO" />
    <typeAlias type="com.bookshop01.mypage.vo.MyPageVO" alias="mypageVO" />
    <typeAlias type="com.bookshop01.customer.vo.NoticeVO" alias="noticeVO" />
  </typeAliases>
</configuration>



