<?xml version="1.0" encoding="UTF-8" ?>
<!DOCTYPE mapper
	PUBLIC "-//mybatis.org//DTD Mapper 3.0//EN"
	"http://mybatis.org/dtd/mybatis-3-mapper.dtd">

<mapper namespace="mapper.admin.customer">
<!-- 리절트 맵 정의 -->	
	<resultMap id="noticeResult" type="noticeVO">
		<result property="notice_id" column="notice_id" />
		<result property="notice_title" column="notice_title" />
		<result property="notice_content" column="notice_content" />
		<result property="notice_date" column="notice_date" />
		<result property="startRowNum" column="startRowNum" />
		<result property="endRowNum" column="endRowNum" />
	</resultMap>	
	
	<resultMap id="faqResult" type="faqVO">
		<result property="faq_id" column="faq_id" />
		<result property="faq_title" column="faq_title" />
		<result property="faq_content" column="faq_content" />
		<result property="faq_date" column="faq_date" />
		<result property="startRowNum" column="startRowNum" />
		<result property="endRowNum" column="endRowNum" />
	</resultMap>	
	
	<resultMap id="qnaResult" type="qnaVO">
		<result property="qna_id" column="qna_id" />
		<result property="goods_id" column="goods_id" />
		<result property="member_id" column="member_id" />
		<result property="qna_title" column="qna_title" />
		<result property="qna_content" column="qna_content" />
		<result property="qna_comment" column="qna_comment" />
		<result property="qna_date" column="qna_date" />
		<result property="startRowNum" column="startRowNum" />
		<result property="endRowNum" column="endRowNum" />
		<result property="fileName" column="fileName" />
		<result property="member_name" column="member_name" />
	</resultMap>
	
	<resultMap id="reviewResult" type="reviewVO">
		<result property="review_id" column="review_id" />
		<result property="goods_id" column="goods_id" />
		<result property="order_id" column="order_id" />
		<result property="member_id" column="member_id" />
		<result property="review_content" column="review_content" />
		<result property="review_comment" column="review_comment" />
		<result property="review_date" column="review_date" />
		<result property="review_star" column="review_star" />
		<result property="startRowNum" column="startRowNum" />
		<result property="endRowNum" column="endRowNum" />
		<result property="fileName" column="fileName" />
		<result property="member_name" column="member_name" />
	</resultMap>
   
   <!-- 공지사항 -->
   <select id="NoticeList" parameterType="noticeVO" resultMap="noticeResult"   >
        <![CDATA[
         SELECT * FROM (
			SELECT temp_table.*, ROWNUM as rnum FROM (
			select * from T_SHOPPING_NOTICE order by notice_id desc
			) temp_table )  WHERE RNUM BETWEEN #{startRowNum} AND #{endRowNum}
	    ]]>
	</select>
	
	<select id="selectNoticeDetail" resultMap="noticeResult"   parameterType="String"  >
	    <![CDATA[
		     select * from t_shopping_notice
	        where notice_id=#{notice_id}
    	]]>
	</select>
	
	<update id="modifyNotice" parameterType="java.util.HashMap" >
	   update t_shopping_notice
	    <set> 
	      <if test=" notice_title!='' and notice_title!=null">
	        notice_title=#{notice_title},
	      </if>
	      <if test=" notice_content!='' and notice_content!=null">
	        notice_content=#{notice_content},
	      </if>
	     </set>
	    where 
	    notice_id=#{notice_id}
	
	</update>	
	
	<delete id="deleteNotice" parameterType="String">
	    <![CDATA[
	      delete from t_shopping_notice
	      where notice_id=#{notice_id}
    	]]>
	</delete>
	
	<select id="NoticeKeywordSearch" resultMap="noticeResult"   parameterType="Map"  >
	    <![CDATA[
        SELECT *
		    FROM (
		      SELECT temp_table.*, ROWNUM as rnum
		      FROM (
		        SELECT *
		        FROM t_shopping_notice
		        WHERE notice_title LIKE '%'||#{keyword}||'%' OR notice_content LIKE '%'||#{keyword}||'%'
		        ORDER BY notice_id DESC
		      ) temp_table
		    )
		    WHERE RNUM BETWEEN #{startRowNum} AND #{endRowNum}
		]]>
	</select>
	
	<insert id="insertNotice"  parameterType="noticeVO">
  <![CDATA[
    	  insert into T_SHOPPING_NOTICE (notice_id,notice_title,notice_content,notice_date)
    	  values ( ( SELECT NVL(MAX(notice_id), 0) +1 FROM T_SHOPPING_NOTICE),
    	  #{notice_title},
    	  #{notice_content},
    	  sysdate )
   ]]>      
  </insert>
  
  
  
  
  <!-- FAQ -->
  <select id="FaqList" parameterType="faqVO" resultMap="faqResult"   >
        <![CDATA[
         SELECT * FROM (
			SELECT temp_table.*, ROWNUM as rnum FROM (
			select * from T_SHOPPING_FAQ order by faq_id desc
			) temp_table )  WHERE RNUM BETWEEN #{startRowNum} AND #{endRowNum}
	    ]]>
	</select>
	
	<select id="selectFaqDetail" resultMap="faqResult"   parameterType="String"  >
	    <![CDATA[
		    select * from t_shopping_faq
	        where faq_id=#{faq_id}
    	]]>
	</select>
	
	<update id="modifyFaq" parameterType="java.util.HashMap" >
	   update t_shopping_faq
	    <set> 
	      <if test=" faq_title!='' and faq_title!=null">
	        faq_title=#{faq_title},
	      </if>
	      <if test=" faq_content!='' and faq_content!=null">
	        faq_content=#{faq_content},
	      </if>
	     </set>
	    where 
	    faq_id=#{faq_id}
	
	</update>	
	
	<delete id="deleteFaq" parameterType="String">
	    <![CDATA[
	      delete from t_shopping_faq
	      where faq_id=#{faq_id}
    	]]>
	</delete>
	
	<select id="FaqKeywordSearch" resultMap="faqResult" parameterType="Map">
	  <![CDATA[
	    SELECT *
	    FROM (
	      SELECT temp_table.*, ROWNUM as rnum
	      FROM (
	        SELECT *
	        FROM t_shopping_faq
	        WHERE faq_title LIKE '%'||#{keyword}||'%' OR faq_content LIKE '%'||#{keyword}||'%'
	        ORDER BY faq_id DESC
	      ) temp_table
	    )
	    WHERE RNUM BETWEEN #{startRowNum} AND #{endRowNum}
	  ]]>
	</select>
	
	<insert id="insertFaq"  parameterType="faqVO">
  <![CDATA[
    	  insert into T_SHOPPING_FAQ (faq_id,faq_title,faq_content,faq_date)
    	  values ( ( SELECT NVL(MAX(faq_id), 0) +1 FROM T_SHOPPING_FAQ),
    	  #{faq_title},
    	  #{faq_content},
    	  sysdate )
   ]]>      
  </insert>
  
  
  <!-- Q&A -->
  <select id="QnaList" parameterType="qnaVO" resultMap="qnaResult"   >
        <![CDATA[
         SELECT * FROM (
			SELECT temp_table.*, ROWNUM as rnum FROM (
			select * from T_SHOPPING_QNA order by qna_id desc
			) temp_table )  WHERE RNUM BETWEEN #{startRowNum} AND #{endRowNum}
	    ]]>
	</select>
	
	<select id="selectQnaDetail" resultMap="qnaResult"   parameterType="String"  >
	    <![CDATA[
		     select q.qna_id, m.member_name, q.qna_date, q.qna_title, q.qna_content, q.filename, q.qna_comment , g.goods_title from
		     t_shopping_qna q 
		     join t_shopping_member m on q.member_id = m.member_id 
		     LEFT JOIN T_SHOPPING_GOODS g ON q.GOODS_ID = g.GOODS_ID
		     where qna_id=#{qna_id}
    	]]>
	</select>
	
	<update id="modifyQna" parameterType="java.util.HashMap" >
	   update t_shopping_qna
	    <set> 
	       <if test="qna_comment != null and qna_comment != ''">
		      qna_comment = #{qna_comment},
		      qna_status = 'Y',
		    </if>
		    <if test="qna_comment == null or qna_comment == ''">
		      qna_comment = NULL,
		      qna_status = 'N',
		    </if>
	     </set>
	    where 
	    qna_id=#{qna_id}
	
	</update>	

	<select id="QnaKeywordSearch" resultMap="qnaResult"   parameterType="Map"  >
	    <![CDATA[
        SELECT *
		    FROM (
		      SELECT temp_table.*, ROWNUM as rnum
		      FROM (
		        SELECT *
		        FROM t_shopping_qna
		        WHERE qna_title LIKE '%'||#{keyword}||'%' OR qna_content LIKE '%'||#{keyword}||'%'
		        ORDER BY qna_id DESC
		      ) temp_table
		    )
		    WHERE RNUM BETWEEN #{startRowNum} AND #{endRowNum}
		]]>
	</select>
	
	
	<!-- Review -->
  <select id="ReviewList" parameterType="reviewVO" resultMap="reviewResult"   >
        <![CDATA[
         SELECT * FROM (
			SELECT temp_table.*, ROWNUM as rnum FROM (
			select * from T_SHOPPING_REVIEW order by review_id desc
			) temp_table )  WHERE RNUM BETWEEN #{startRowNum} AND #{endRowNum}
	    ]]>
	</select>
	
	<select id="selectReviewDetail" resultMap="reviewResult"   parameterType="String"  >
	    <![CDATA[
		     select r.review_id, m.member_name, r.review_date, r.review_content, 
		     r.review_star, r.filename, r.review_comment from 
		     t_shopping_review r 
		     join t_shopping_member m on r.member_id = m.member_id 
		     where review_id=#{review_id}
    	]]>
	</select>
	
	<update id="modifyReview" parameterType="java.util.HashMap" >
	   update t_shopping_review
	    <set> 
	       <if test="review_comment != null and review_comment != ''">
		      review_comment = #{review_comment},
		    </if>
		    <if test="review_comment == null or review_comment == ''">
		      review_comment = NULL,
		    </if>
	     </set>
	    where 
	    review_id=#{review_id}
	
	</update>	

	<select id="ReviewKeywordSearch" resultMap="reviewResult"   parameterType="Map"  >
	    <![CDATA[
        SELECT *
		    FROM (
		      SELECT temp_table.*, ROWNUM as rnum
		      FROM (
		        SELECT *
		        FROM t_shopping_review
		        WHERE review_comment LIKE '%'||#{keyword}||'%' OR review_content LIKE '%'||#{keyword}||'%'
		        ORDER BY review_id DESC
		      ) temp_table
		    )
		    WHERE RNUM BETWEEN #{startRowNum} AND #{endRowNum}
		]]>
	</select>
	
</mapper>
