<?xml version="1.0" encoding="UTF-8" ?>
<!DOCTYPE tiles-definitions PUBLIC
       "-//Apache Software Foundation//DTD Tiles Configuration 2.0//EN"
       "http://tiles.apache.org/dtds/tiles-config_2_0.dtd">
<tiles-definitions>
    
    <definition name="/customer/noticeMain" extends="baseLayout">
       <put-attribute name="title" value="공지사항 메인 페이지" />
       <put-attribute name="body" value="/WEB-INF/views/customer/noticeMain.jsp" />
    </definition>
    
    <definition name="/customer/noticeDetail" extends="baseLayout">
       <put-attribute name="title" value="공지사항 상세 페이지" />
       <put-attribute name="body" value="/WEB-INF/views/customer/noticeDetail.jsp" />
    </definition>    
    
   
    
</tiles-definitions>


