<?xml version="1.0" encoding="UTF-8" ?>
<!DOCTYPE tiles-definitions PUBLIC
       "-//Apache Software Foundation//DTD Tiles Configuration 2.0//EN"
       "http://tiles.apache.org/dtds/tiles-config_2_0.dtd">
<tiles-definitions>
    
    <definition name="/admin/customer/adminNoticeMain" extends="baseLayout">
       <put-attribute name="title" value="공지사항 관리 페이지" />
       <put-attribute name="body" value="/WEB-INF/views/admin/customer/adminNoticeMain.jsp" />
    </definition>
    
    <definition name="/admin/customer/adminNoticeDetail" extends="baseLayout">
       <put-attribute name="title" value="공지사항 상세 페이지" />
       <put-attribute name="body" value="/WEB-INF/views/admin/customer/adminNoticeDetail.jsp" />
    </definition>    
    
    <definition name="/admin/customer/adminNoticeWrite" extends="baseLayout">
       <put-attribute name="title" value="공지사항 입력 페이지" />
       <put-attribute name="body" value="/WEB-INF/views/admin/customer/adminNoticeWrite.jsp" />
    </definition>
   
   
    
</tiles-definitions>


