<?xml version="1.0" encoding="UTF-8" ?>
<!DOCTYPE mapper
	PUBLIC "-//mybatis.org//DTD Mapper 3.0//EN"
	"http://mybatis.org/dtd/mybatis-3-mapper.dtd">

<mapper namespace="mapper.admin.customer">
<!-- 리절트 맵 정의 -->	
	<resultMap id="noticeResult" type="noticeVO">
		<result property="notice_id" column="notice_id" />
		<result property="notice_title" column="notice_title" />
		<result property="notice_content" column="notice_content" />
		<result property="notice_date" column="notice_date" />
		<result property="startRowNum" column="startRowNum" />
		<result property="endRowNum" column="endRowNum" />
	</resultMap>	
   
      <select id="NoticeList" parameterType="noticeVO" resultMap="noticeResult"   >
        <![CDATA[
         SELECT * FROM (
			SELECT temp_table.*, ROWNUM as rnum FROM (
			select * from T_SHOPPING_NOTICE order by notice_id desc
			) temp_table )  WHERE RNUM BETWEEN #{startRowNum} AND #{endRowNum}
	    ]]>
	</select>
	
	<select id="selectNoticeDetail" resultMap="noticeResult"   parameterType="String"  >
	    <![CDATA[
		     select * from t_shopping_notice
	        where notice_id=#{notice_id}
    	]]>
	</select>
	
	<update id="modifyNotice" parameterType="java.util.HashMap" >
	   update t_shopping_notice
	    <set> 
	      <if test=" notice_title!='' and notice_title!=null">
	        notice_title=#{notice_title},
	      </if>
	      <if test=" notice_content!='' and notice_content!=null">
	        notice_content=#{notice_content},
	      </if>
	     </set>
	    where 
	    notice_id=#{notice_id}
	
	</update>	
	
	<delete id="deleteNotice" parameterType="String">
	    <![CDATA[
	      delete from t_shopping_notice
	      where notice_id=#{notice_id}
    	]]>
	</delete>
	
	<select id="KeywordSearch" resultType="String"   parameterType="String"  >
	    <![CDATA[
        select * from t_shopping_notice 
        where         
        notice_title like '%'||#{keyword}||'%' OR
        notice_content like '%'||#{keyword}||'%'
        order by notice_id desc
		]]>
	</select>
	
	<insert id="insertNotice"  parameterType="noticeVO">
  <![CDATA[
    	  insert into T_SHOPPING_NOTICE (notice_id,notice_title,notice_content,notice_date)
    	  values ( ( SELECT NVL(MAX(notice_id), 0) +1 FROM T_SHOPPING_NOTICE),
    	  #{notice_title},
    	  #{notice_content},
    	  sysdate )
   ]]>      
  </insert>

</mapper>
