<?xml version="1.0" encoding="UTF-8" ?>
<!DOCTYPE mapper
	PUBLIC "-//mybatis.org//DTD Mapper 3.0//EN"
	"http://mybatis.org/dtd/mybatis-3-mapper.dtd">

<mapper namespace="mapper.customer">
<!-- 리절트 맵 정의 -->	
	<resultMap id="noticeResult" type="noticeVO">
		<result property="notice_id" column="notice_id" />
		<result property="notice_title" column="notice_title" />
		<result property="notice_content" column="notice_content" />
		<result property="notice_date" column="notice_date" />
		<result property="startRowNum" column="startRowNum" />
		<result property="endRowNum" column="endRowNum" />
	</resultMap>	
	
	<resultMap id="faqResult" type="faqVO">
		<result property="faq_id" column="faq_id" />
		<result property="faq_title" column="faq_title" />
		<result property="faq_content" column="faq_content" />
		<result property="faq_date" column="faq_date" />
		<result property="startRowNum" column="startRowNum" />
		<result property="endRowNum" column="endRowNum" />
	</resultMap>
	
	<resultMap id="qnaResult" type="qnaVO">
		<result property="qna_id" column="qna_id" />
		<result property="goods_id" column="goods_id" />
		<result property="member_id" column="member_id" />
		<result property="qna_title" column="qna_title" />
		<result property="qna_content" column="qna_content" />
		<result property="qna_date" column="qna_date" />
		<result property="startRowNum" column="startRowNum" />
		<result property="endRowNum" column="endRowNum" />
		<result property="fileName" column="fileName" />
		<result property="member_name" column="member_name" />
	</resultMap>
	
	<!-- <resultMap id="reviewResult" type="reviewVO"> 23-06-28
		<result property="review_id" column="review_id" />
		<result property="goods_id" column="goods_id" />
		<result property="member_id" column="member_id" />
		<result property="review_comment" column="review_comment" />
		<result property="review_content" column="review_content" />
		<result property="review_date" column="review_date" />
		<result property="startRowNum" column="startRowNum" />
		<result property="endRowNum" column="endRowNum" />
		<result property="member_name" column="member_name" />
	</resultMap> -->
   
   <!-- 공지사항 -->
   <select id="NoticeList" parameterType="noticeVO" resultMap="noticeResult"   >
        <![CDATA[
         SELECT * FROM (
			SELECT temp_table.*, ROWNUM as rnum FROM (
			select * from T_SHOPPING_NOTICE order by notice_id desc
			) temp_table )  WHERE RNUM BETWEEN #{startRowNum} AND #{endRowNum}
	    ]]>
	</select>
	
	<select id="selectNoticeDetail" resultMap="noticeResult"   parameterType="String"  >
	    <![CDATA[
		     select * from t_shopping_notice
	        where notice_id=#{notice_id}
    	]]>
	</select>
	
	<select id="NoticeKeywordSearch" resultType="String"   parameterType="String"  >
	    <![CDATA[
        select * from t_shopping_notice 
        where         
        notice_title like '%'||#{keyword}||'%' OR
        notice_content like '%'||#{keyword}||'%'
        order by notice_id desc
		]]>
	</select>
	

	<!-- FAQ -->
	<select id="FaqList" parameterType="faqVO" resultMap="faqResult"   >
        <![CDATA[
         SELECT * FROM (
			SELECT temp_table.*, ROWNUM as rnum FROM (
			select * from T_SHOPPING_FAQ order by faq_id desc
			) temp_table )  WHERE RNUM BETWEEN #{startRowNum} AND #{endRowNum}
	    ]]>
	</select>
	
	<select id="selectFaqDetail" resultMap="faqResult"   parameterType="String"  >
	    <![CDATA[
		     select * from t_shopping_faq
	        where faq_id=#{faq_id}
    	]]>
	</select>
	
	<select id="FaqKeywordSearch" resultType="String"   parameterType="String"  >
	    <![CDATA[
        select * from t_shopping_faq 
        where         
        faq_title like '%'||#{keyword}||'%' OR
        faq_content like '%'||#{keyword}||'%'
        order by faq_id desc
		]]>
	</select>
	
	<!-- QNA -->
	<select id="QnaList" parameterType="qnaVO" resultMap="qnaResult"   >
        <![CDATA[
         SELECT * FROM (
		    SELECT temp_table.*, ROWNUM AS rnum FROM (
		        SELECT Q.QNA_ID, I.FILENAME, Q.QNA_TITLE, M.MEMBER_NAME, Q.QNA_DATE, G.GOODS_ID
		        FROM T_SHOPPING_QNA Q
		        JOIN T_SHOPPING_GOODS G ON Q.GOODS_ID = G.GOODS_ID
		        JOIN T_SHOPPING_MEMBER M ON Q.MEMBER_ID = M.MEMBER_ID
		        JOIN T_GOODS_DETAIL_IMAGE I ON G.GOODS_ID = I.GOODS_ID
		        WHERE I.FILETYPE = 'main_image'
		        ORDER BY Q.QNA_ID DESC
		    ) temp_table ) WHERE RNUM BETWEEN 1 AND 10
	    ]]>
	</select>
	
	<select id="selectQnaDetail" resultMap="qnaResult"   parameterType="String"  >
	    <![CDATA[
	        SELECT Q.QNA_ID, I.FILENAME, Q.QNA_TITLE, M.MEMBER_NAME, Q.QNA_DATE, G.GOODS_ID
		        FROM T_SHOPPING_QNA Q
		        JOIN T_SHOPPING_GOODS G ON Q.GOODS_ID = G.GOODS_ID
		        JOIN T_SHOPPING_MEMBER M ON Q.MEMBER_ID = M.MEMBER_ID
		        JOIN T_GOODS_DETAIL_IMAGE I ON G.GOODS_ID = I.GOODS_ID
				WHERE Q.QNA_ID=#{qna_id}
    	]]>
	</select>
	
	<!-- REVIEW 23-06-28 -->	
	<!-- <select id="ReviewList" parameterType="reviewVO" resultMap="reviewResult"   >
        <![CDATA[
			SELECT * FROM (
			    SELECT temp_table.*, ROWNUM AS rnum FROM (
			        SELECT R.REVIEW_ID, R.REVIEW_COMMENT, M.MEMBER_NAME, R.REVIEW_DATE, G.GOODS_ID
			        FROM T_SHOPPING_REVIEW R
			        JOIN T_SHOPPING_GOODS G ON R.GOODS_ID = G.GOODS_ID
			        JOIN T_SHOPPING_MEMBER M ON R.MEMBER_ID = M.MEMBER_ID
			        ORDER BY R.REVIEW_ID DESC
			    ) temp_table ) WHERE RNUM BETWEEN 1 AND 10
    ]]>
	</select>
	
	<select id="selectReviewDetail" resultMap="reviewResult"   parameterType="String"  >
	    <![CDATA[
	        SELECT R.REVIEW_ID, R.REVIEW_COMMENT, M.MEMBER_NAME, R.REVIEW_DATE, G.GOODS_ID
		        FROM T_SHOPPING_REVIEW R
		        JOIN T_SHOPPING_GOODS G ON R.GOODS_ID = G.GOODS_ID
		        JOIN T_SHOPPING_MEMBER M ON R.MEMBER_ID = M.MEMBER_ID
		        JOIN T_GOODS_DETAIL_IMAGE I ON G.GOODS_ID = I.GOODS_ID
				WHERE R.REVIEW_ID=#{review_id}
    	]]>
	</select> -->
	
</mapper>
