<?xml version="1.0" encoding="UTF-8" ?>
<!DOCTYPE mapper
	PUBLIC "-//mybatis.org//DTD Mapper 3.0//EN"
	"http://mybatis.org/dtd/mybatis-3-mapper.dtd">

<mapper namespace="mapper.admin.goods">
<!-- 리절트 맵 정의 -->	
	<resultMap id="goodsResult" type="goodsVO">
		<result property="goods_id" column="goods_id" />
		<result property="goods_title" column="goods_title" />
		<result property="goods_writer" column="goods_writer" />
		<result property="goods_price" column="goods_price" />
		<result property="goods_publisher" column="goods_publisher" />
		
		<result property="goods_status" column="goods_status" />
		<result property="goods_sales_price" column="goods_sales_price" />
		<result property="goods_published_date" column="goods_published_date" />
		<result property="goods_total_page" column="goods_total_page" />
		<result property="goods_isbn" column="goods_isbn" />
		<result property="goods_delivery_price" column="goods_delivery_price" />
		<result property="goods_delivery_date" column="goods_delivery_date" />
		
		<result property="goods_fileName" column="fileName" />
		<result property="goods_sort" column="goods_sort" />
		<result property="goods_writer_intro" column="goods_writer_intro" />
		<result property="goods_intro" column="goods_intro" />
		<result property="goods_contents_order" column="goods_contents_order" javaType="java.lang.String" jdbcType="CLOB"  />
	</resultMap>	

	<resultMap id="imageResult" type="imageFileVO">
	   <result property="goods_id" column="goods_id" />
	   <result property="fileName" column="fileName" />
	   <result property="reg_id" column="reg_id" />
	   <result property="image_id" column="image_id" />
	   <result property="fileType" column="fileType" />
	</resultMap>
	
	<resultMap id="orderGoodsResult" type="orderVO">
		<result property="order_id" column="order_id" />
		<result property="member_id" column="member_id" />
		<result property="goods_id" column="goods_id" />
		<result property="goods_title" column="goods_title" />
		<result property="goods_sales_price" column="goods_sales_price" />
		<result property="order_total_price" column="order_total_price" />
		<result property="order_goods_qty" column="order_goods_qty" />
		
		<result property="orderer_name" column="orderer_name" />
		<result property="receiver_name" column="receiver_name" />
		<result property="receiver_hp1" column="receiver_hp1" />
		<result property="receiver_hp2" column="receiver_hp2" />
		<result property="receiver_hp3" column="receiver_hp3" />
		
		<result property="receiver_tel1" column="receiver_tel1" />
		<result property="receiver_tel2" column="receiver_tel2" />
		<result property="receiver_tel3" column="receiver_tel3" />
		<result property="delivery_address" column="delivery_address" />
		<result property="delivery_message" column="delivery_message" />
		
		<result property="delivery_method" column="delivery_method" />
		<result property="gift_wrapping" column="gift_wrapping" />
		<result property="pay_method" column="pay_method" />
		<result property="card_com_name" column="card_com_name" />
		<result property="card_pay_month" column="card_pay_month" />
		
		<result property="pay_orderer_hp_num" column="pay_orderer_hp_num" />
		<result property="pay_order_time" column="pay_order_time" />
		<result property="delivery_state" column="delivery_state" />
		<result property="final_total_price" column="final_total_price" />
		<result property="goods_qty" column="goods_qty" />
		
		<result property="goods_fileName" column="goods_fileName" />
	</resultMap>
	<insert id="insertNewGoods" parameterType="java.util.Map"   >
		<selectKey resultType="String" keyProperty="goods_id" order="BEFORE">
	    	select COALESCE(MAX(GOODS_ID),0) + 1 from T_SHOPPING_GOODS
	    </selectKey>
	    
	    <![CDATA[
		   insert into t_shopping_goods(
		                				goods_id, 
		                				goods_sort,
                    					goods_title,
										goods_price,
										goods_sales_price,
										goods_point,
										goods_delivery_price,
										goods_delivery_date,
										goods_status,
										goods_intro)
					  			values(
					  			      #{goods_id},
					  			      #{goods_sort},
					  			      #{goods_title},
					  			      #{goods_price},
					  			      #{goods_sales_price},
					  			      #{goods_point},
					  			      #{goods_delivery_price },
					  			      #{goods_delivery_date },
					  			      #{goods_status },
									  #{goods_intro}
					 			 )
		]]>
	</insert> 
		<insert id="insertGoodsImageFile" parameterType="imageFileVO"   >
		<selectKey resultType="int" keyProperty="image_id" order="BEFORE">
	    	select seq_image_id.nextval from dual
	    </selectKey>
	    <![CDATA[
		   insert into t_goods_detail_image (image_id,
		                                     goods_id,
											 fileName,
											 fileType,
											 reg_id)
									values(#{image_id},
		   					 			   #{goods_id},
		   							 	   #{fileName},
		   								   #{fileType},
		   								   #{reg_id} )
		]]>
	</insert> 
	<select id="selectNewGoodsList" resultMap="goodsResult"   parameterType="java.util.Map"  >
	    <![CDATA[
		  select * from (
			   select rowNum as recNum,
			   		  goods_id,
			          goods_title,
			          goods_sales_price,
			          to_char(goods_creDate,'YYYY-MM-DD')  as goods_creDate
			       from (
			             select  goods_id,
			             		 goods_title,
			             		 goods_sales_price,
			             		 goods_creDate
			              from t_shopping_goods 
			                where  to_char(goods_creDate,'YYYY-MM-DD')  between #{beginDate} and #{endDate}
			               order by goods_id desc
					    )
				)							
			where				
		recNum between (#{section}-1)*100+ (#{pageNum}-1)*10+1 and (#{section}-1)*100+(#{pageNum})*10				        
    	]]>
	</select>
	
	<select id="selectOrderGoodsList" resultMap="orderGoodsResult"   parameterType="java.util.Map"  >
		  select * from (
			    select rowNum as recNum,t.*
			       from (
			              select  *  from t_shopping_order 
			              where to_char(pay_order_time,'yyyy-mm-dd')  between #{beginDate} and #{endDate}
			                <if test="search_type=='orderer_id'">
			                  AND orderer_id=#{search_word}
			                </if>
			                <if test="search_type=='orderer_name'">
			                  AND orderer_name=#{search_word}
			                </if>
			                <if test="search_type=='orderer_hp_num'">
			                   AND pay_orderer_hp_num=#{search_word} 
			                </if>
			              order by PAY_ORDER_TIME desc
					    ) t
				)							
			where				
		recNum between (#{section}-1)*100+ (#{pageNum}-1)*10+1 and (#{section}-1)*100+(#{pageNum})*10				        
	</select>
	
 

	
	<select id="selectGoodsDetail" resultMap="goodsResult"   parameterType="String"  >
	    <![CDATA[
		     select g.*, d.fileName from t_shopping_goods g, t_goods_detail_image d
	        where g.goods_id=d.goods_id
	        and d.filetype='main_image'
	        and g.goods_id=#{goods_id}
	        order by g.goods_id
    	]]>
	</select>
	<select id="selectGoodsImageFileList" resultMap="imageResult"   parameterType="String"  >
	    <![CDATA[
		    	select * from  t_goods_detail_image 
		    	where  
			    goods_id=#{goods_id}
			    order by image_id asc
    	]]>
	</select>	
	
	
<update id="updateGoodsInfo" parameterType="java.util.HashMap" >
	   update t_shopping_goods
	    <set> 
	      <if test=" goods_sort!='' and goods_sort!=null">
	        goods_sort=#{goods_sort},
	      </if>
	      <if test=" goods_title!='' and goods_title!=null">
	        goods_title=#{goods_title},
	      </if>
	      <if test=" goods_writer!='' and goods_writer!=null">
	        goods_writer=#{goods_writer},
	      </if>
	      <if test=" goods_price!='' and goods_price!=null">
	        goods_price=#{goods_price},
	      </if>
	      <if test=" goods_sales_price!='' and goods_sales_price!=null">
	        goods_sales_price=#{goods_sales_price},
	      </if>
	      <if test=" goods_point!='' and goods_point!=null">
	        goods_point=#{goods_point},
	      </if>
	      <if test=" goods_page_total!='' and goods_page_total!=null">
	        goods_page_total=#{goods_page_total},
	      </if>
	      <if test=" goods_isbn!='' and goods_isbn!=null">
	        goods_isbn=#{goods_isbn},
	      </if>
	      <if test=" goods_delivery_price!='' and goods_delivery_price!=null">
	        goods_delivery_price=#{goods_delivery_price},
	      </if>
	      <if test=" goods_delivery_date!='' and goods_delivery_date!=null">
	        goods_delivery_date=#{goods_delivery_date},
	      </if>
	      <if test=" goods_status!='' and goods_status!=null">
	        goods_status=#{goods_status},
	      </if>
	      <if test=" goods_writer_intro!='' and goods_writer_intro!=null">
	        goods_writer_intro=#{goods_writer_intro},
	      </if>
	      <if test=" goods_intro!='' and goods_intro!=null">
	        goods_intro=#{goods_intro},
	      </if>
	      <if test=" recommendation!='' and recommendation!=null">
	        recommendation=#{recommendation},
	      </if>
	      <if test=" goods_contents_order!='' and goods_contents_order!=null">
	        goods_contents_order=#{goods_contents_order:VARCHAR}
	      </if>
	     </set>
	    where 
	    goods_id=#{goods_id}
	
	</update>	
	<update id="updateGoodsImage" parameterType="imageFileVO">
		update t_goods_detail_image
		set fileName=#{fileName}
		where	 
		goods_id=#{goods_id} and image_id=#{image_id}
	</update>
	
	<delete id="deleteGoodsImage" parameterType="String">
	  delete from t_goods_detail_image
	  where image_id=#{image_id}
	</delete>
	
<update id="updateOrderGoods" parameterType="java.util.HashMap" >
	   update t_shopping_order
	    <set> 
	      <if test=" delivery_state!='' and delivery_state!=null">
	        delivery_state=#{delivery_state},
	      </if>
	      <if test=" delivery_address!='' and delivery_address!=null">
	        delivery_address=#{delivery_address},
	      </if>
	    </set>
	    where 
	    order_id=#{order_id}
	
	</update>		
	
	
	
	<select id="searchGoodsList" resultMap="goodsResult" parameterType="String">
	  <![CDATA[
	    SELECT * FROM t_shopping_goods
	    WHERE goods_title LIKE '%'||#{keyword}||'%'
	      OR goods_status LIKE '%'||#{keyword}||'%'
	      OR goods_sort LIKE '%'||#{keyword}||'%'
	  ]]>
	  <if test="isNumericKeyword">
	    <![CDATA[
	      OR goods_price = CAST(#{keyword} AS DECIMAL(10,2))
	    ]]>
	  </if>
	  <![CDATA[
	    ORDER BY goods_id DESC
	  ]]>
	</select>
	
</mapper>

