<?xml version="1.0" encoding="UTF-8" ?>
<!DOCTYPE tiles-definitions PUBLIC
       "-//Apache Software Foundation//DTD Tiles Configuration 2.0//EN"
       "http://tiles.apache.org/dtds/tiles-config_2_0.dtd">
<tiles-definitions>
    <definition name="/payment/kakaoS" extends="baseLayout">
       <put-attribute name="title" value="카카오 결제 성공 페이지" />
       <put-attribute name="body" value="/WEB-INF/views/payment/kakaoS.jsp" />
    </definition>
    <definition name="/payment/kakaoF" extends="baseLayout">
       <put-attribute name="title" value="카카오 결제 실패 페이지" />
       <put-attribute name="body" value="/WEB-INF/views/payment/kakaoF.jsp" />
    </definition>
</tiles-definitions>
